<?xml version="1.0" encoding="UTF-8"?>
<LightningComponentBundle xmlns="http://soap.sforce.com/2006/04/metadata">
    <apiVersion>61.0</apiVersion>
    <isExposed>true</isExposed>
    <masterLabel>Account Summarizer</masterLabel>
    <description>Summarize Account information in CRM Analytics Dashboard</description>
    <targets>
        <target>analytics__Dashboard</target>        
    </targets>
    <targetConfigs>
        <targetConfig targets="analytics__Dashboard">
            <hasStep>true</hasStep>   
            <property label="Heading" name="heading" type="String" default="ask Stein"/>
            <property label="Default Prompt" name="defaultPrompt" type="String" default="Summarize the following in an easy to understand manner"/>
            <property label="Two Column Layout" name="twoColumns" type="Boolean" default="false"/>
            <property label="Model" name="model" type="String" default="sfdc_ai__DefaultOpenAIGPT4_32k"/>
        </targetConfig>
    </targetConfigs>
</LightningComponentBundle>